{
    "avg_prec": 0.4318538341733085,
    "roc_auc": 0.8675901655259454
}